{"BCC": ["Body Centered Cubic", "https://en.wikipedia.org/wiki/Body_centered_cubic"], "FCC": ["Face Centered Cubic", "https://en.wikipedia.org/wiki/Face_centered_cubic"], "HCP": ["Hexagonal Close Packed", "https://en.wikipedia.org/wiki/Hexagonal_close_packed"], "ORC": ["Orthorhombic", "https://en.wikipedia.org/wiki/Orthorhombic"], "TET": ["Tetragonal", "https://en.wikipedia.org/wiki/Tetragonal"], "RHL": ["Rhombohedral", "https://en.wikipedia.org/wiki/Trigonal"], "HEX": ["Hexagonal", "https://en.wikipedia.org/wiki/Hexagonal_crystal_system"], "CUB": ["Simple Cubic", "https://en.wikipedia.org/wiki/Cubic_crystal_system"], "SC": ["Simple Cubic", "https://en.wikipedia.org/wiki/Cubic_crystal_system"], "DIA": ["Diamond Cubic", "https://en.wikipedia.org/wiki/Diamond_cubic"], "MCL": ["Monoclinic", "https://en.wikipedia.org/wiki/Monoclinic"]}