{
    "killer_bee": [
        "https://raw.githubusercontent.com/The-4th-Hokage/naruto-card-game-images/master/photo_data/killer_bee.jpg"
    ],
    "namikaze_minato": [
        "https://raw.githubusercontent.com/The-4th-Hokage/naruto-card-game-images/master/photo_data/namikaze_minato/kcm_minato_namiakze.jpg",
        "https://raw.githubusercontent.com/The-4th-Hokage/naruto-card-game-images/master/photo_data/namikaze_minato/minato_namikaze.jpg",
        "https://raw.githubusercontent.com/The-4th-Hokage/naruto-card-game-images/master/photo_data/namikaze_minato/namikaze_minato.jpg",
        "https://raw.githubusercontent.com/The-4th-Hokage/naruto-card-game-images/master/photo_data/namikaze_minato/reaper_death_seal.jpg",
        "https://raw.githubusercontent.com/The-4th-Hokage/naruto-card-game-images/master/photo_data/namikaze_minato/yondaime_hokage.jpg"
    ],
    "sasori": [
        "https://raw.githubusercontent.com/The-4th-Hokage/naruto-card-game-images/master/photo_data/sasori.jpg"
    ],
    "yamato": [
        "https://raw.githubusercontent.com/The-4th-Hokage/naruto-card-game-images/master/photo_data/yamato/yamato.jpg",
        "https://raw.githubusercontent.com/The-4th-Hokage/naruto-card-game-images/master/photo_data/yamato/yamato_anbu.jpg"
    ],
    "morino_ibiki": [
        "https://raw.githubusercontent.com/The-4th-Hokage/naruto-card-game-images/master/photo_data/morino_ibiki.jpg"
    ],
    "nara_shikamaru": [
        "https://raw.githubusercontent.com/The-4th-Hokage/naruto-card-game-images/master/photo_data/nara_shikamaru/nara_shikamaru_adult.jpg",
        "https://raw.githubusercontent.com/The-4th-Hokage/naruto-card-game-images/master/photo_data/nara_shikamaru/nara_shikamaru_child.jpg",
        "https://raw.githubusercontent.com/The-4th-Hokage/naruto-card-game-images/master/photo_data/nara_shikamaru/nara_shikamaru_war.jpg"
    ],
    "kankuro": [
        "https://raw.githubusercontent.com/The-4th-Hokage/naruto-card-game-images/master/photo_data/kankuro.jpg"
    ],
    "a": [
        "https://raw.githubusercontent.com/The-4th-Hokage/naruto-card-game-images/master/photo_data/A.jpg"
    ],
    "sakon_and_ukon": [
        "https://raw.githubusercontent.com/The-4th-Hokage/naruto-card-game-images/master/photo_data/sakon_and_ukon/sakon.jpg",
        "https://raw.githubusercontent.com/The-4th-Hokage/naruto-card-game-images/master/photo_data/sakon_and_ukon/sakon_and_ukon.jpg"
    ],
    "deidara": [
        "https://raw.githubusercontent.com/The-4th-Hokage/naruto-card-game-images/master/photo_data/deidara.jpg"
    ],
    "uzumaki_karin": [
        "https://raw.githubusercontent.com/The-4th-Hokage/naruto-card-game-images/master/photo_data/uzumaki_karin/uzumaki_karin.jpg",
        "https://raw.githubusercontent.com/The-4th-Hokage/naruto-card-game-images/master/photo_data/uzumaki_karin/uzumaki_karin_1.jpg"
    ],
    "abumi_zaki": [
        "https://raw.githubusercontent.com/The-4th-Hokage/naruto-card-game-images/master/photo_data/abumi_zaki.jpg"
    ],
    "orochimaru": [
        "https://raw.githubusercontent.com/The-4th-Hokage/naruto-card-game-images/master/photo_data/orochimaru.jpg"
    ],
    "sai": [
        "https://raw.githubusercontent.com/The-4th-Hokage/naruto-card-game-images/master/photo_data/sai.jpg"
    ],
    "six_path_of_pain": [
        "https://raw.githubusercontent.com/The-4th-Hokage/naruto-card-game-images/master/photo_data/six_path_of_pain.jpg"
    ],
    "kakuzu": [
        "https://raw.githubusercontent.com/The-4th-Hokage/naruto-card-game-images/master/photo_data/kakuzu.jpg"
    ],
    "teuchi": [
        "https://raw.githubusercontent.com/The-4th-Hokage/naruto-card-game-images/master/photo_data/teuchi.jpg"
    ],
    "uchiha_madara": [
        "https://raw.githubusercontent.com/The-4th-Hokage/naruto-card-game-images/master/photo_data/uchiha_madara.jpg"
    ],
    "kidomaru": [
        "https://raw.githubusercontent.com/The-4th-Hokage/naruto-card-game-images/master/photo_data/kidomaru/kidomaru.jpg",
        "https://raw.githubusercontent.com/The-4th-Hokage/naruto-card-game-images/master/photo_data/kidomaru/kidomaru1.jpg"
    ],
    "yahiko": [
        "https://raw.githubusercontent.com/The-4th-Hokage/naruto-card-game-images/master/photo_data/yahiko.jpg"
    ],
    "senju_hashirama": [
        "https://raw.githubusercontent.com/The-4th-Hokage/naruto-card-game-images/master/photo_data/senju_hashirama/senju_hashirama.jpg",
        "https://raw.githubusercontent.com/The-4th-Hokage/naruto-card-game-images/master/photo_data/senju_hashirama/shodai_hokage.jpg"
    ],
    "haku": [
        "https://raw.githubusercontent.com/The-4th-Hokage/naruto-card-game-images/master/photo_data/haku.jpg"
    ],
    "aburame_shino": [
        "https://raw.githubusercontent.com/The-4th-Hokage/naruto-card-game-images/master/photo_data/aburame_shino/aburame_shino.jpg",
        "https://raw.githubusercontent.com/The-4th-Hokage/naruto-card-game-images/master/photo_data/aburame_shino/shino_war.jpg"
    ],
    "uzumaki_kushina": [
        "https://raw.githubusercontent.com/The-4th-Hokage/naruto-card-game-images/master/photo_data/uzumaki_kushina/uzumaki_kushina.jpg",
        "https://raw.githubusercontent.com/The-4th-Hokage/naruto-card-game-images/master/photo_data/uzumaki_kushina/uzumaki_kushina_child.jpg",
        "https://raw.githubusercontent.com/The-4th-Hokage/naruto-card-game-images/master/photo_data/uzumaki_kushina/uzumaki_kushina_karin.jpg"
    ],
    "chojuro": [
        "https://raw.githubusercontent.com/The-4th-Hokage/naruto-card-game-images/master/photo_data/chojuro.jpg"
    ],
    "haruno_sakura": [
        "https://raw.githubusercontent.com/The-4th-Hokage/naruto-card-game-images/master/photo_data/haruno_sakura/haruno_sakura_adult.jpg",
        "https://raw.githubusercontent.com/The-4th-Hokage/naruto-card-game-images/master/photo_data/haruno_sakura/haruno_sakura_child.jpg",
        "https://raw.githubusercontent.com/The-4th-Hokage/naruto-card-game-images/master/photo_data/haruno_sakura/haruno_sakura_child_1.jpg",
        "https://raw.githubusercontent.com/The-4th-Hokage/naruto-card-game-images/master/photo_data/haruno_sakura/haruno_sakura_war.jpg"
    ],
    "otsutsuki_toneri": [
        "https://raw.githubusercontent.com/The-4th-Hokage/naruto-card-game-images/master/photo_data/otsutsuki_toneri.png"
    ],
    "hyuga_hanabi": [
        "https://raw.githubusercontent.com/The-4th-Hokage/naruto-card-game-images/master/photo_data/hyuga_hanabi.jpg"
    ],
    "hozuki_suigetsu": [
        "https://raw.githubusercontent.com/The-4th-Hokage/naruto-card-game-images/master/photo_data/hozuki_suigetsu.jpg"
    ],
    "white_zetsu": [
        "https://raw.githubusercontent.com/The-4th-Hokage/naruto-card-game-images/master/photo_data/white_zetsu.jpg"
    ],
    "umino_iruka": [
        "https://raw.githubusercontent.com/The-4th-Hokage/naruto-card-game-images/master/photo_data/umino_iruka.jpg"
    ],
    "team_7": [
        "https://raw.githubusercontent.com/The-4th-Hokage/naruto-card-game-images/master/photo_data/team_7.jpg"
    ],
    "hyuga_neji": [
        "https://raw.githubusercontent.com/The-4th-Hokage/naruto-card-game-images/master/photo_data/hyuga_neji/neji_hyuga_child.jpg"
    ],
    "chiriku": [
        "https://raw.githubusercontent.com/The-4th-Hokage/naruto-card-game-images/master/photo_data/chiriku.jpg"
    ],
    "kurotsuchi": [
        "https://raw.githubusercontent.com/The-4th-Hokage/naruto-card-game-images/master/photo_data/kurotsuchi.jpg"
    ],
    "konan": [
        "https://raw.githubusercontent.com/The-4th-Hokage/naruto-card-game-images/master/photo_data/konan/konan.jpg",
        "https://raw.githubusercontent.com/The-4th-Hokage/naruto-card-game-images/master/photo_data/konan/konan_akatsuki.jpg"
    ],
    "otsutsuki_indra": [
        "https://raw.githubusercontent.com/The-4th-Hokage/naruto-card-game-images/master/photo_data/otsutsuki_indra.png"
    ],
    "mei_terumi": [
        "https://raw.githubusercontent.com/The-4th-Hokage/naruto-card-game-images/master/photo_data/mei_terumi.jpg"
    ],
    "noahara_rin": [
        "https://raw.githubusercontent.com/The-4th-Hokage/naruto-card-game-images/master/photo_data/noahara_rin.jpg"
    ],
    "jugo": [
        "https://raw.githubusercontent.com/The-4th-Hokage/naruto-card-game-images/master/photo_data/jugo.jpg"
    ],
    "temari": [
        "https://raw.githubusercontent.com/The-4th-Hokage/naruto-card-game-images/master/photo_data/temari.jpg"
    ],
    "momochi_zabuza": [
        "https://raw.githubusercontent.com/The-4th-Hokage/naruto-card-game-images/master/photo_data/momochi_zabuza/momochi_zabuza.jpg",
        "https://raw.githubusercontent.com/The-4th-Hokage/naruto-card-game-images/master/photo_data/momochi_zabuza/zabuza.jpg"
    ],
    "oysutsuki-hagoromo": [
        "https://raw.githubusercontent.com/The-4th-Hokage/naruto-card-game-images/master/photo_data/oysutsuki-hagoromo.png"
    ],
    "senju_tobirama": [
        "https://raw.githubusercontent.com/The-4th-Hokage/naruto-card-game-images/master/photo_data/senju_tobirama.jpg"
    ],
    "senju_tsunade": [
        "https://raw.githubusercontent.com/The-4th-Hokage/naruto-card-game-images/master/photo_data/senju_tsunade/senju_tsunade.jpg",
        "https://raw.githubusercontent.com/The-4th-Hokage/naruto-card-game-images/master/photo_data/senju_tsunade/senju_tsunade_hokage.jpg"
    ],
    "uchiha_obito": [
        "https://raw.githubusercontent.com/The-4th-Hokage/naruto-card-game-images/master/photo_data/uchiha_obito/uchiha_obito_child.png",
        "https://raw.githubusercontent.com/The-4th-Hokage/naruto-card-game-images/master/photo_data/uchiha_obito/uchiha_obito_villian.jpg"
    ],
    "sarutobi_hiruzen": [
        "https://raw.githubusercontent.com/The-4th-Hokage/naruto-card-game-images/master/photo_data/sarutobi_hiruzen/saindaime_hokage.jpg",
        "https://raw.githubusercontent.com/The-4th-Hokage/naruto-card-game-images/master/photo_data/sarutobi_hiruzen/sarutobi_hiruzen.jpg"
    ],
    "hidan": [
        "https://raw.githubusercontent.com/The-4th-Hokage/naruto-card-game-images/master/photo_data/hidan.jpg"
    ],
    "ajisai_pain": [
        "https://raw.githubusercontent.com/The-4th-Hokage/naruto-card-game-images/master/photo_data/ajisai_pain.jpg"
    ],
    "darui": [
        "https://raw.githubusercontent.com/The-4th-Hokage/naruto-card-game-images/master/photo_data/darui.jpg"
    ],
    "gaara": [
        "https://raw.githubusercontent.com/The-4th-Hokage/naruto-card-game-images/master/photo_data/gaara.jpg"
    ],
    "uzuki_yugao": [
        "https://raw.githubusercontent.com/The-4th-Hokage/naruto-card-game-images/master/photo_data/uzuki_yugao.jpg"
    ],
    "otsutsuki_kaguya": [
        "https://raw.githubusercontent.com/The-4th-Hokage/naruto-card-game-images/master/photo_data/otsutsuki_kaguya.jpg"
    ],
    "sarutobi_konohamaru": [
        "https://raw.githubusercontent.com/The-4th-Hokage/naruto-card-game-images/master/photo_data/sarutobi_konohamaru.jpg"
    ],
    "uchiha_itachi": [
        "https://raw.githubusercontent.com/The-4th-Hokage/naruto-card-game-images/master/photo_data/uchiha_itachi.jpg"
    ],
    "uzumaki_naruto": [
        "https://raw.githubusercontent.com/The-4th-Hokage/naruto-card-game-images/master/photo_data/uzumaki_naruto/hokage_uzumaki_naruto.jpg",
        "https://raw.githubusercontent.com/The-4th-Hokage/naruto-card-game-images/master/photo_data/uzumaki_naruto/kcm_uzumaki_naruto.jpg",
        "https://raw.githubusercontent.com/The-4th-Hokage/naruto-card-game-images/master/photo_data/uzumaki_naruto/uzumaki_naruto.jpg",
        "https://raw.githubusercontent.com/The-4th-Hokage/naruto-card-game-images/master/photo_data/uzumaki_naruto/uzumaki_naruto_child.jpg",
        "https://raw.githubusercontent.com/The-4th-Hokage/naruto-card-game-images/master/photo_data/uzumaki_naruto/uzumaki_naruto_child_1.jpg"
    ],
    "rock_lee": [
        "https://raw.githubusercontent.com/The-4th-Hokage/naruto-card-game-images/master/photo_data/rock_lee/rock_lee.jpg",
        "https://raw.githubusercontent.com/The-4th-Hokage/naruto-card-game-images/master/photo_data/rock_lee/rock_lee_war.jpg"
    ],
    "sarutobi_asuma": [
        "https://raw.githubusercontent.com/The-4th-Hokage/naruto-card-game-images/master/photo_data/sarutobi_asuma.jpg"
    ],
    "shimura_danzo": [
        "https://raw.githubusercontent.com/The-4th-Hokage/naruto-card-game-images/master/photo_data/shimura_danzo.jpg"
    ],
    "kimimaro": [
        "https://raw.githubusercontent.com/The-4th-Hokage/naruto-card-game-images/master/photo_data/kimimaro.jpg"
    ],
    "uchiha_sasuke": [
        "https://raw.githubusercontent.com/The-4th-Hokage/naruto-card-game-images/master/photo_data/uchiha_sasuke/uchiha_sasuke_akatsuki.jpg",
        "https://raw.githubusercontent.com/The-4th-Hokage/naruto-card-game-images/master/photo_data/uchiha_sasuke/uchiha_sasuke_child.jpg",
        "https://raw.githubusercontent.com/The-4th-Hokage/naruto-card-game-images/master/photo_data/uchiha_sasuke/uchiha_sasuke_cursed_mark.jpg",
        "https://raw.githubusercontent.com/The-4th-Hokage/naruto-card-game-images/master/photo_data/uchiha_sasuke/uchiha_sasuke_rinnegan.jpg"
    ],
    "yakushi_kabuto": [
        "https://raw.githubusercontent.com/The-4th-Hokage/naruto-card-game-images/master/photo_data/yakushi_kabuto/kabuto.jpg",
        "https://raw.githubusercontent.com/The-4th-Hokage/naruto-card-game-images/master/photo_data/yakushi_kabuto/yakushi.jpg"
    ],
    "jiraya": [
        "https://raw.githubusercontent.com/The-4th-Hokage/naruto-card-game-images/master/photo_data/jiraya/jiraya.jpg",
        "https://raw.githubusercontent.com/The-4th-Hokage/naruto-card-game-images/master/photo_data/jiraya/jiraya_pain_fight.jpg",
        "https://raw.githubusercontent.com/The-4th-Hokage/naruto-card-game-images/master/photo_data/jiraya/jiraya_senin_mode.jpg"
    ],
    "yuhi_kurenai": [
        "https://raw.githubusercontent.com/The-4th-Hokage/naruto-card-game-images/master/photo_data/yuhi_kurenai.jpg"
    ],
    "yamanaka_ino": [
        "https://raw.githubusercontent.com/The-4th-Hokage/naruto-card-game-images/master/photo_data/yamanaka_ino.jpg"
    ],
    "hoshigaki_kisame": [
        "https://raw.githubusercontent.com/The-4th-Hokage/naruto-card-game-images/master/photo_data/hoshigaki_kisame/hoshigaki_kisame.jpg",
        "https://raw.githubusercontent.com/The-4th-Hokage/naruto-card-game-images/master/photo_data/hoshigaki_kisame/tailess_bijju.jpg"
    ],
    "tayuya": [
        "https://raw.githubusercontent.com/The-4th-Hokage/naruto-card-game-images/master/photo_data/tayuya/tayuya.jpg",
        "https://raw.githubusercontent.com/The-4th-Hokage/naruto-card-game-images/master/photo_data/tayuya/tayuya1.jpg"
    ],
    "hyuga_hinata": [
        "https://raw.githubusercontent.com/The-4th-Hokage/naruto-card-game-images/master/photo_data/hyuga_hinata/hyufga_hinata.jpg",
        "https://raw.githubusercontent.com/The-4th-Hokage/naruto-card-game-images/master/photo_data/hyuga_hinata/hyuga_hinata_beach.jpg",
        "https://raw.githubusercontent.com/The-4th-Hokage/naruto-card-game-images/master/photo_data/hyuga_hinata/hyuga_hinata_child.jpg",
        "https://raw.githubusercontent.com/The-4th-Hokage/naruto-card-game-images/master/photo_data/hyuga_hinata/hyuga_hinata_chirstmas.jpg",
        "https://raw.githubusercontent.com/The-4th-Hokage/naruto-card-game-images/master/photo_data/hyuga_hinata/hyuga_hinata_war.jpg"
    ],
    "kamizuki_izumo": [
        "https://raw.githubusercontent.com/The-4th-Hokage/naruto-card-game-images/master/photo_data/kamizuki_izumo.jpg"
    ],
    "kin_tsuchi": [
        "https://raw.githubusercontent.com/The-4th-Hokage/naruto-card-game-images/master/photo_data/kin_tsuchi.jpg"
    ],
    "maito_guy": [
        "https://raw.githubusercontent.com/The-4th-Hokage/naruto-card-game-images/master/photo_data/maito_guy/maito_guy.jpg",
        "https://raw.githubusercontent.com/The-4th-Hokage/naruto-card-game-images/master/photo_data/maito_guy/maito_guy_eight_gates.jpg",
        "https://raw.githubusercontent.com/The-4th-Hokage/naruto-card-game-images/master/photo_data/maito_guy/maito_guy_madara.jpg"
    ],
    "hyuga_hizashi": [
        "https://raw.githubusercontent.com/The-4th-Hokage/naruto-card-game-images/master/photo_data/hyuga_hizashi.jpg"
    ],
    "akimichi_choji": [
        "https://raw.githubusercontent.com/The-4th-Hokage/naruto-card-game-images/master/photo_data/akimichi_choji/akimichi_choji.jpg",
        "https://raw.githubusercontent.com/The-4th-Hokage/naruto-card-game-images/master/photo_data/akimichi_choji/akimichi_choji_adult.jpg"
    ],
    "hatake_kakashi": [
        "https://raw.githubusercontent.com/The-4th-Hokage/naruto-card-game-images/master/photo_data/hatake_kakashi/hatake_kakashi.jpg",
        "https://raw.githubusercontent.com/The-4th-Hokage/naruto-card-game-images/master/photo_data/hatake_kakashi/kakashi_unmasked.jpg"
    ],
    "inuzuka_kiba": [
        "https://raw.githubusercontent.com/The-4th-Hokage/naruto-card-game-images/master/photo_data/inuzuka_kiba.jpg"
    ],
    "jirobo": [
        "https://raw.githubusercontent.com/The-4th-Hokage/naruto-card-game-images/master/photo_data/jirobo/jirobo.jpg",
        "https://raw.githubusercontent.com/The-4th-Hokage/naruto-card-game-images/master/photo_data/jirobo/jirobo1.jpg"
    ],
    "ashura_otsutsuki": [
        "https://raw.githubusercontent.com/The-4th-Hokage/naruto-card-game-images/master/photo_data/ashura_otsutsuki.jpg"
    ],
    "pain_tendou": [
        "https://raw.githubusercontent.com/The-4th-Hokage/naruto-card-game-images/master/photo_data/pain_tendou.jpg"
    ],
    "mu": [
        "https://raw.githubusercontent.com/The-4th-Hokage/naruto-card-game-images/master/photo_data/mu.jpg"
    ]
}