{"abundance_crust": {"name": "Abundance in the crust", "units": "mg/kg"}, "abundance_sea": {"name": "Abundance in the sea", "units": "mg/L"}, "annotation": {"name": "Annotations", "units": ""}, "atomic_number": {"name": "Atomic number", "units": ""}, "atomic_radius": {"name": "Atomic radius", "units": "pm"}, "atomic_radius_rahm": {"name": "Atomic radius by Rahm et al.", "units": "pm"}, "atomic_volume": {"name": "Atomic volume", "units": "cm\u00b3/mol"}, "atomic_weight": {"name": "Atomic weight", "units": ""}, "atomic_weight_uncertainty": {"name": "Atomic weight uncertainty", "units": ""}, "block": {"name": "Block in periodic table", "units": ""}, "boiling_point": {"name": "Boiling temperature", "units": "K"}, "c6": {"name": "C_6 dispersion coefficient", "units": "a.u."}, "c6_gb": {"name": "C_6 dispersion coefficient in a.u. (Gould & Bu\u010dko)", "units": "a.u."}, "cas": {"name": "Chemical Abstract Service identifier", "units": ""}, "covalent_radius_bragg": {"name": "Covalent radius by Bragg", "units": "pm"}, "covalent_radius_cordero": {"name": "Covalent radius by Cerdero et al.", "units": "pm"}, "covalent_radius_pyykko": {"name": "Covalent radius by Pyykko et al.", "units": "pm"}, "covalent_radius_pyykko_double": {"name": "Covalent radius by Pyykko et al.", "units": "pm"}, "covalent_radius_pyykko_triple": {"name": "Covalent radius by Pyykko et al.", "units": "pm"}, "covalent_radius_slater": {"name": "Covalent radius by Slater", "units": "pm"}, "cpk_color": {"name": "Element colour in CPK convention", "units": ""}, "density": {"name": "Density at 295K", "units": "g/cm\u00b3"}, "description": {"name": "Description", "units": ""}, "dipole_polarizability": {"name": "Dipole polarizability", "units": "a.u."}, "discoverers": {"name": "Discoverers of the Element", "units": ""}, "discovery_location": {"name": "Discovery Location", "units": ""}, "dipole_year": {"name": "Year the element was discovered", "units": ""}, "electron_affinity": {"name": "Electron affinity", "units": "eV"}, "electrons": {"name": "Number of electrons", "units": ""}, "en_allen": {"name": "Allen's scale of electronegativity", "units": "eV"}, "en_ghosh": {"name": "Ghosh's scale of electronegativity", "units": ""}, "en_mulliken": {"name": "Mulliken's scale of electronegativity", "units": "eV"}, "en_pauling": {"name": "Pauling's scale of electronegativity", "units": ""}, "econf": {"name": "Ground state electro configuration", "units": ""}, "evaporation_heat": {"name": "Evaporation heat", "units": "kJ/mol"}, "fusion_heat": {"name": "Fusion heat", "units": "KJ/mol"}, "gas_basicity": {"name": "Gas bacisity", "units": "KJ/mol"}, "geochemical_class": {"name": "Geochemical class", "units": ""}, "goldschmidt_class": {"name": "Goldschmidt class", "units": ""}, "group": {"name": "Group", "units": ""}, "heat_of_formation": {"name": "Heat of formation", "units": "kJ/mol"}, "ionenergy": {"name": "Ionization energies", "units": "eV"}, "ionic_radii": {"name": "Ionic and crystal radii", "units": "pm"}, "is_monoisotopic": {"name": "Is monoisotopic", "units": ""}, "is_radioactive": {"name": "Is radioactive", "units": ""}, "isotopes": {"name": "Isotopes", "units": ""}, "jmol_color": {"name": "Colour in Jmol convention", "units": ""}, "lattice_constant": {"name": "Lattice constant", "units": "Angstrom"}, "lattice_structure": {"name": "Lattice structure", "units": ""}, "mass_number": {"name": "Mass number", "units": ""}, "melting_point": {"name": "Melting temperature", "units": "K"}, "mendeleev_number": {"name": "Mendeleev number", "units": ""}, "metallic_radius": {"name": "Single-bond metallic radius", "units": "pm"}, "metallic_radius_c12": {"name": "Metallic radius with 12 nearest neighbors", "units": "pm"}, "molcas_gv_color": {"name": "Colour in MOLCAS GV convention", "units": ""}, "name": {"name": "Name", "units": ""}, "name_origin": {"name": "Name Origin", "units": ""}, "neutrons": {"name": "Number of neutrons", "units": ""}, "oxistates": {"name": "Oxidation states", "units": ""}, "period": {"name": "Period", "units": ""}, "proton_affinity": {"name": "Proton affinity", "units": "KJ/mol"}, "protons": {"name": "Number of protons", "units": ""}, "sconst": {"name": "Nuclear charge screening constants", "units": ""}, "series": {"name": "Index to chemical series", "units": ""}, "sources": {"name": "Sources", "units": ""}, "specific_heat": {"name": "Specific heat at 20 C", "units": "J/(g mol)"}, "symbol": {"name": "Symbol", "units": ""}, "thermal_conductivity": {"name": "Thermal conductivity at 25 C", "units": "W/(m K)"}, "uses": {"name": "Uses", "units": ""}, "vdw_radius": {"name": "Van der Waals radius", "units": "pm"}, "vdw_radius_alvarez": {"name": "Van der Waals radius according to Alvarez", "units": "pm"}, "vdw_radius_batsanov": {"name": "Van der Waals radius according to Batsanov", "units": "pm"}, "vdw_radius_bondi": {"name": "Van der Waals radius according to Bondi", "units": "pm"}, "vdw_radius_dreiding": {"name": "Van der Waals radius from the DREIDING FF", "units": "pm"}, "vdw_radius_mm3": {"name": "Van der Waals radius from the MM3 FF", "units": "pm"}, "vdw_radius_rt": {"name": "Van der Waals radius according to Rowland and Taylor", "units": "pm"}, "vdw_radius_truhlar": {"name": "Van der Waals radius according to Truhlar", "units": "pm"}, "vdw_radius_uff": {"name": "Van der Waals radius from the UFF", "units": "pm"}, "xrf": {"name": "X-Ray Fluorescence", "units": "nm"}}