{"Actinium": {"image": "https://periodictable.com/Samples/089.4/s9s.JPG"}, "Aluminum": {"image": "https://periodictable.com/Samples/013.21/s9s.JPG"}, "Americium": {"image": "https://periodictable.com/Samples/095.1/s9s.JPG"}, "Antimony": {"image": "https://periodictable.com/Samples/051.15/s9s.JPG"}, "Argon": {"image": "https://periodictable.com/Samples/018.7/s9s.JPG"}, "Arsenic": {"image": "https://periodictable.com/Samples/033.7/s9s.JPG"}, "Astatine": {"image": "https://periodictable.com/Samples/085.4/s9s.JPG"}, "Barium": {"image": "https://periodictable.com/Samples/056.1/s9s.JPG"}, "Berkelium": {"image": "https://periodictable.com/Samples/097.2/s9s.JPG"}, "Beryllium": {"image": "https://periodictable.com/Samples/004.1/s9s.JPG"}, "Bismuth": {"image": "https://periodictable.com/Samples/083.23/s9s.JPG"}, "Bohrium": {"image": "https://periodictable.com/Samples/107.2/s9s.JPG"}, "Boron": {"image": "https://periodictable.com/Samples/005.6/s9s.JPG"}, "Bromine": {"image": "https://periodictable.com/Samples/035.2/s9s.JPG"}, "Cadmium": {"image": "https://periodictable.com/Samples/048.11/s9s.JPG"}, "Calcium": {"image": "https://periodictable.com/Samples/020.6/s9s.JPG"}, "Californium": {"image": "https://periodictable.com/Samples/098.2/s9s.JPG"}, "Carbon": {"image": "https://periodictable.com/Samples/006.x4/s9s.JPG"}, "Cerium": {"image": "https://periodictable.com/Samples/058.7/s9s.JPG"}, "Cesium": {"image": "https://periodictable.com/Samples/055.4/s9s.JPG"}, "Chlorine": {"image": "https://periodictable.com/Samples/017.3/s9s.JPG"}, "Chromium": {"image": "https://periodictable.com/Samples/024.11/s9s.JPG"}, "Cobalt": {"image": "https://periodictable.com/Samples/027.14/s9s.JPG"}, "Copernicium": {"image": "https://periodictable.com/Samples/112.1/s9s.JPG"}, "Copper": {"image": "https://periodictable.com/Samples/029.24/s9s.JPG"}, "Curium": {"image": "https://periodictable.com/Samples/096.2/s9s.JPG"}, "Darmstadtium": {"image": "https://periodictable.com/Samples/110.1/s9s.JPG"}, "Dubnium": {"image": "https://periodictable.com/Samples/105.2/s9s.JPG"}, "Dysprosium": {"image": "https://periodictable.com/Samples/066.2/s9s.JPG"}, "Einsteinium": {"image": "https://periodictable.com/Samples/099.3/s9s.JPG"}, "Erbium": {"image": "https://periodictable.com/Samples/068.5/s9s.JPG"}, "Europium": {"image": "https://periodictable.com/Samples/063.9/s9s.JPG"}, "Fermium": {"image": "https://periodictable.com/Samples/100.3/s9s.JPG"}, "Flerovium": {"image": "https://periodictable.com/Samples/114.1/s9s.JPG"}, "Fluorine": {"image": "https://periodictable.com/Samples/009.6/s9s.JPG"}, "Francium": {"image": "https://periodictable.com/Samples/087.4/s9s.JPG"}, "Gadolinium": {"image": "https://periodictable.com/Samples/064.1/s9s.JPG"}, "Gallium": {"image": "https://periodictable.com/Samples/031.7/s9s.JPG"}, "Germanium": {"image": "https://periodictable.com/Samples/032.10/s9s.JPG"}, "Gold": {"image": "https://periodictable.com/Samples/079.2/s9s.JPG"}, "Hafnium": {"image": "https://periodictable.com/Samples/072.2/s9s.JPG"}, "Hassium": {"image": "https://periodictable.com/Samples/108.2/s9s.JPG"}, "Helium": {"image": "https://periodictable.com/Samples/002.6/s9s.JPG"}, "Holmium": {"image": "https://periodictable.com/Samples/067.4/s9s.JPG"}, "Hydrogen": {"image": "https://periodictable.com/Samples/001.x3/s9s.JPG"}, "Indium": {"image": "https://periodictable.com/Samples/049.7/s9s.JPG"}, "Iodine": {"image": "https://periodictable.com/Samples/053.8/s9s.JPG"}, "Iridium": {"image": "https://periodictable.com/Samples/077.4/s9s.JPG"}, "Iron": {"image": "https://periodictable.com/Samples/026.32/s9s.JPG"}, "Krypton": {"image": "https://periodictable.com/Samples/036.6/s9s.JPG"}, "Lanthanum": {"image": "https://periodictable.com/Samples/057.1/s9s.JPG"}, "Lawrencium": {"image": "https://periodictable.com/Samples/103.2/s9s.JPG"}, "Lead": {"image": "https://periodictable.com/Samples/082.27/s9s.JPG"}, "Lithium": {"image": "https://periodictable.com/Samples/003.3/s9s.JPG"}, "Livermorium": {"image": "https://periodictable.com/Samples/116.1/s9s.JPG"}, "Lutetium": {"image": "https://periodictable.com/Samples/071.3/s9s.JPG"}, "Magnesium": {"image": "https://periodictable.com/Samples/012.15/s9s.JPG"}, "Manganese": {"image": "https://periodictable.com/Samples/025.7/s9s.JPG"}, "Meitnerium": {"image": "https://periodictable.com/Samples/109.1/s9s.JPG"}, "Mendelevium": {"image": "https://periodictable.com/Samples/101.3/s9s.JPG"}, "Mercury": {"image": "https://periodictable.com/Samples/080.14/s9s.JPG"}, "Molybdenum": {"image": "https://periodictable.com/Samples/042.2/s9s.JPG"}, "Moscovium": {"image": "https://periodictable.com/Samples/115.1/s9s.JPG"}, "Neodymium": {"image": "https://periodictable.com/Samples/060.2/s9s.JPG"}, "Neon": {"image": "https://periodictable.com/Samples/010.8/s9s.JPG"}, "Neptunium": {"image": "https://periodictable.com/Samples/093.2/s9s.JPG"}, "Nickel": {"image": "https://periodictable.com/Samples/028.9/s9s.JPG"}, "Nihonium": {"image": "https://periodictable.com/Samples/113.1/s9s.JPG"}, "Niobium": {"image": "https://periodictable.com/Samples/041.13/s9s.JPG"}, "Nitrogen": {"image": "https://periodictable.com/Samples/007.8/s9s.JPG"}, "Nobelium": {"image": "https://periodictable.com/Samples/102.2/s9s.JPG"}, "Oganesson": {"image": "https://periodictable.com/Samples/118.1/s12s.JPG"}, "Osmium": {"image": "https://periodictable.com/Samples/076.8/s9s.JPG"}, "Oxygen": {"image": "https://periodictable.com/Samples/008.10/s9s.JPG"}, "Palladium": {"image": "https://periodictable.com/Samples/046.10/s9s.JPG"}, "Phosphorus": {"image": "https://periodictable.com/Samples/015.6/s9s.JPG"}, "Platinum": {"image": "https://periodictable.com/Samples/078.6/s9s.JPG"}, "Plutonium": {"image": "https://periodictable.com/Samples/094.3/s9s.JPG"}, "Polonium": {"image": "https://periodictable.com/Samples/084.8/s9s.JPG"}, "Potassium": {"image": "https://periodictable.com/Samples/019.6/s9s.JPG"}, "Praseodymium": {"image": "https://periodictable.com/Samples/059.1/s9s.JPG"}, "Promethium": {"image": "https://periodictable.com/Samples/061.1/s9s.JPG"}, "Protactinium": {"image": "https://periodictable.com/Samples/091.5/s9s.JPG"}, "Radium": {"image": "https://periodictable.com/Samples/088.15/s9s.JPG"}, "Radon": {"image": "https://periodictable.com/Samples/086.4/s9s.JPG"}, "Rhenium": {"image": "https://periodictable.com/Samples/075.10/s9s.JPG"}, "Rhodium": {"image": "https://periodictable.com/Samples/045.7/s9s.JPG"}, "Roentgenium": {"image": "https://periodictable.com/Samples/111.1/s9s.JPG"}, "Rubidium": {"image": "https://periodictable.com/Samples/037.5/s9s.JPG"}, "Ruthenium": {"image": "https://periodictable.com/Samples/044.5/s9s.JPG"}, "Rutherfordium": {"image": "https://periodictable.com/Samples/104.2/s9s.JPG"}, "Samarium": {"image": "https://periodictable.com/Samples/062.6/s9s.JPG"}, "Scandium": {"image": "https://periodictable.com/Samples/021.8/s9s.JPG"}, "Seaborgium": {"image": "https://periodictable.com/Samples/106.4/s9s.JPG"}, "Selenium": {"image": "https://periodictable.com/Samples/034.12/s9s.JPG"}, "Silicon": {"image": "https://periodictable.com/Samples/014.12/s9s.JPG"}, "Silver": {"image": "https://periodictable.com/Samples/047.26/s9s.JPG"}, "Sodium": {"image": "https://periodictable.com/Samples/011.9/s9s.JPG"}, "Strontium": {"image": "https://periodictable.com/Samples/038.5/s9s.JPG"}, "Sulfur": {"image": "https://periodictable.com/Samples/NativeSulfur/s9s.JPG"}, "Tantalum": {"image": "https://periodictable.com/Samples/073.8/s9s.JPG"}, "Technetium": {"image": "https://periodictable.com/Samples/043.1/s9s.JPG"}, "Tellurium": {"image": "https://periodictable.com/Samples/052.4/s9s.JPG"}, "Tennessine": {"image": "https://periodictable.com/Samples/117.1/s9s.JPG"}, "Terbium": {"image": "https://periodictable.com/Samples/065.5/s9s.JPG"}, "Thallium": {"image": "https://periodictable.com/Samples/081.5/s9s.JPG"}, "Thorium": {"image": "https://periodictable.com/Samples/090.6/s9s.JPG"}, "Thulium": {"image": "https://periodictable.com/Samples/069.1/s9s.JPG"}, "Tin": {"image": "https://periodictable.com/Samples/050.22/s9s.JPG"}, "Titanium": {"image": "https://periodictable.com/Samples/022.18/s9s.JPG"}, "Tungsten": {"image": "https://periodictable.com/Samples/074.5/s9s.JPG"}, "Uranium": {"image": "https://periodictable.com/Samples/092.19/s9s.JPG"}, "Vanadium": {"image": "https://periodictable.com/Samples/023.10/s9s.JPG"}, "Xenon": {"image": "https://periodictable.com/Samples/054.6/s9s.JPG"}, "Ytterbium": {"image": "https://periodictable.com/Samples/070.3/s9s.JPG"}, "Yttrium": {"image": "https://periodictable.com/Samples/039.11/s9s.JPG"}, "Zinc": {"image": "https://periodictable.com/Samples/030.7/s9s.JPG"}, "Zirconium": {"image": "https://periodictable.com/Samples/040.17/s9s.JPG"}}